prisonerId,SSN,firstName,lastName,sex,dob,servSDate,servEDate,addrId,hasVisitorPrivilege
1,473-86-1244,Mona,Ansill,Female,1939-03-08,2008-01-20,2034-09-11,1,1
2,785-88-9957,Britni,Wardingly,Other,1984-08-13,2017-03-07,2037-04-26,2,0
3,346-52-4778,Wilek,Haime,Other,1967-06-07,2007-09-06,2042-05-18,3,0
4,555-19-5193,Antonia,Morilla,Male,1970-06-04,2022-02-19,2039-12-25,4,1
5,122-71-7702,Viviene,Diamond,Male,1931-08-02,2008-03-25,2040-07-04,5,1
6,444-93-9322,Salaidh,Slorance,Female,1987-04-23,2017-09-20,2049-08-15,6,1
7,896-08-7274,Sansone,"Mac Giolla Pheadair",Female,1979-12-15,2013-08-27,2048-09-16,7,1
8,358-42-1954,Kennie,Pasfield,Male,1942-10-14,2014-08-30,2034-02-04,8,0
9,142-21-9720,Carroll,Malmar,Female,1982-10-06,2015-05-05,2036-03-01,9,0
10,617-07-3287,Chrysler,"De Malchar",Female,1981-09-04,2018-06-16,2045-12-08,10,0
11,140-82-7501,Lucilia,Eake,Male,1969-11-10,2016-02-26,2045-06-12,11,0
12,251-15-9024,Kittie,Freemantle,Other,1950-12-31,2009-12-13,2040-07-05,12,0
13,880-15-6811,Lorraine,Killingsworth,Other,1958-09-05,2008-04-13,2043-04-26,13,1
14,760-70-9100,Jerry,Skip,Male,1944-07-14,2009-09-02,2034-02-26,14,0
15,728-11-4480,Carolann,Sifleet,Female,1956-10-27,2020-07-28,2049-06-29,15,0
16,601-26-6526,Mollee,Zanelli,Female,1960-01-03,2011-07-27,2037-05-02,16,0
17,535-59-7104,Colas,Paridge,Male,1938-10-09,2012-11-24,2047-04-19,17,0
18,545-76-4388,Roxie,Wayon,Male,1961-08-18,2011-12-27,2036-06-18,18,1
19,622-25-9244,Cordi,Culpan,Other,1942-10-06,2017-05-04,2042-08-12,19,0
20,618-39-1787,Leontyne,Annott,Other,1964-08-17,2008-07-17,2044-02-28,20,1
21,297-28-1364,Catherine,Shinn,Other,1951-11-07,2020-03-01,2028-09-08,21,0
22,737-32-0022,Ray,Horche,Other,1941-08-19,2015-11-24,2031-10-13,22,1
23,847-50-8712,Kalil,Alfonso,Female,1927-04-23,2021-12-02,2045-03-01,23,1
24,261-57-2667,Piper,Gheraldi,Male,1967-12-17,2006-11-29,2042-10-14,24,1
25,397-72-5150,Kaylyn,Tampling,Male,1930-03-03,2006-05-04,2028-02-03,25,0
26,439-78-2356,Ralph,Shinner,Female,1962-07-04,2009-01-06,2041-04-15,26,1
27,537-23-2804,Peyter,Roper,Other,1959-04-06,2015-10-08,2024-08-04,27,0
28,382-21-2498,Betteann,Kinzett,Other,1967-08-24,2007-02-13,2033-08-14,28,1
29,400-84-7746,Rahel,Reddings,Female,1942-10-10,2022-01-02,2049-01-26,29,0
30,474-20-1985,Tallulah,Krienke,Female,1965-09-20,2012-07-06,2027-05-27,30,0
31,518-62-4123,Lola,Jeste,Female,1983-01-12,2009-01-27,2035-03-01,31,0
32,322-81-7223,Patti,Rummer,Female,1987-08-18,2011-11-03,2048-08-06,32,1
33,604-16-9102,Bendicty,Beddon,Other,1927-07-12,2014-06-20,2047-10-13,33,0
34,822-81-4532,Briggs,McCrackan,Female,1938-03-16,2018-07-29,2033-10-21,34,1
35,204-91-0677,Ferdinanda,Caccavale,Other,1961-04-24,2010-12-12,2031-03-20,35,1
36,783-57-0260,Joey,Rymour,Other,1933-07-11,2008-07-02,2038-09-17,36,0
37,406-62-1499,Ignaz,Castella,Female,1950-05-11,2020-04-07,2035-05-31,37,0
38,212-19-4459,Lemar,Kiss,Female,1949-05-14,2020-10-22,2047-01-09,38,1
39,206-22-3893,Merwin,Stringman,Female,1962-03-02,2007-03-11,2043-01-05,39,0
40,663-98-1378,Serena,Cliffe,Female,1936-04-18,2021-03-12,2025-10-15,40,0
41,598-83-3958,Petronella,Forlonge,Other,1945-06-20,2019-03-09,2043-10-08,41,0
42,817-83-6110,Kare,Jimes,Other,1976-01-01,2010-08-06,2026-10-20,42,0
43,822-61-1278,Mimi,Reder,Other,1977-12-26,2010-11-07,2027-02-27,43,0
44,434-15-8401,Julissa,Henrichsen,Male,1982-10-26,2010-01-30,2035-04-20,44,1
45,722-55-1554,Nevins,MacFadin,Other,1973-01-20,2006-01-02,2038-10-26,45,1
46,127-19-2355,Ailbert,Cassley,Male,1950-05-13,2018-03-26,2047-07-15,46,1
47,366-85-2239,Silvie,Pringle,Male,1943-03-23,2015-01-18,2030-08-03,47,1
48,268-71-5082,Giraldo,Malter,Other,1944-10-10,2016-11-22,2038-02-14,48,0
49,361-79-7701,Lefty,Ridewood,Other,1928-10-04,2018-07-12,2024-08-29,49,1
50,175-76-8404,Englebert,Mathivon,Female,1948-11-10,2013-08-13,2042-08-18,50,1
51,304-47-1621,Rebekkah,Bassilashvili,Male,1924-04-25,2012-11-11,2044-10-22,51,0
52,372-30-0001,Kynthia,Decruse,Male,1927-07-02,2009-05-19,2034-09-28,52,0
53,567-14-9744,Domingo,Bossons,Male,1933-05-15,2020-07-05,2041-09-22,53,0
54,323-59-8797,Ardella,Stokes,Female,1977-01-22,2016-11-17,2031-06-22,54,0
55,205-82-9710,Jack,Fere,Other,1967-06-30,2008-03-07,2024-10-09,55,1
56,737-34-1254,Binky,Storkes,Other,1948-01-13,2020-02-02,2033-01-14,56,0
57,516-40-5069,Ariela,McAlinden,Male,1983-04-27,2013-12-01,2047-05-17,57,1
58,824-01-2999,Justine,Slorance,Female,1938-04-10,2021-11-16,2043-07-31,58,0
59,669-82-5226,Kellsie,Stagg,Male,1931-05-29,2014-12-22,2044-06-24,59,0
60,719-29-7522,Adaline,Ayree,Male,1975-10-04,2016-04-18,2046-01-05,60,0
61,348-90-2614,Fair,Franceschino,Male,1942-01-09,2018-10-24,2035-02-19,61,0
62,717-87-2301,Penelope,Quincey,Female,1930-08-30,2016-11-27,2027-04-15,62,1
63,296-14-5478,Gordy,Southwick,Male,1972-06-30,2022-09-07,2029-09-25,63,0
64,647-97-7344,Jim,Filyushkin,Male,1976-03-18,2009-09-23,2041-02-02,64,1
65,207-02-0656,Sly,Fontanet,Male,1939-09-19,2019-10-24,2028-04-06,65,1
66,101-83-2183,Edwina,Mulqueen,Female,1951-07-12,2013-05-01,2039-03-24,66,0
67,451-44-1082,Randi,Windrum,Male,1954-12-28,2018-11-07,2041-05-05,67,0
68,482-94-4439,Mariele,Shakeshaft,Female,1977-11-07,2022-11-17,2032-02-16,68,1
69,596-19-8920,Zak,Stivens,Other,1979-06-09,2016-01-13,2033-01-04,69,1
70,330-07-2793,Jereme,Seston,Other,1947-12-10,2022-05-26,2037-08-20,70,0
71,856-56-6853,Mahmud,Waye,Female,1950-01-31,2009-10-21,2044-01-04,71,1
72,554-44-4301,Lynna,Broom,Female,1937-04-16,2006-03-04,2041-12-20,72,1
73,621-34-7663,Constantino,Swinbourne,Other,1924-08-16,2021-12-05,2043-12-28,73,0
74,848-85-2392,Wylie,Beasant,Female,1951-11-01,2008-07-30,2033-06-04,74,1
75,877-47-4756,Benoite,Hadley,Male,1928-12-08,2009-04-28,2034-01-19,75,0
76,203-88-8614,Cate,Maryott,Other,1986-06-14,2014-05-22,2032-02-22,76,1
77,267-12-2031,Mora,Pick,Other,1962-06-02,2016-06-12,2042-07-13,77,1
78,587-01-3844,Nicky,Streather,Male,1984-01-01,2021-09-21,2036-06-27,78,1
79,825-31-6695,Frasier,Caress,Female,1948-01-30,2022-04-29,2027-06-06,79,0
80,357-52-7531,Alisha,Spennock,Male,1935-06-12,2016-09-23,2045-10-09,80,0
81,264-16-2501,Karoly,Coull,Male,1939-01-17,2009-01-10,2046-01-05,81,1
82,861-32-2302,Montgomery,Golder,Other,1987-07-16,2013-09-23,2024-05-17,82,0
83,550-46-3004,Blaire,Spurier,Female,1970-10-06,2021-10-11,2044-12-24,83,1
84,574-17-0487,Christophe,Gair,Other,1930-03-10,2018-10-31,2024-01-25,84,0
85,243-07-1074,Sollie,O'Sherin,Male,1943-09-27,2015-06-20,2024-09-22,85,1
86,189-63-1386,Jim,Santi,Other,1937-01-03,2020-09-21,2047-05-25,86,0
87,172-69-8291,Natalee,Roussell,Other,1975-07-19,2021-12-22,2030-08-05,87,1
88,732-97-2579,Pierson,Reddan,Female,1983-03-09,2010-11-21,2027-09-09,88,0
89,204-08-6400,Jarrid,Pavis,Male,1970-12-20,2021-08-18,2029-06-30,89,0
90,396-98-0871,Stanislas,Caghy,Male,1972-08-16,2022-12-23,2049-01-31,90,1
91,394-25-8731,Elwin,Munnings,Male,1931-02-06,2018-10-27,2037-01-06,91,1
92,652-38-9996,Billie,Moulding,Other,1948-05-07,2018-08-03,2039-10-11,92,0
93,701-98-1467,Mitchel,Wyard,Male,1972-12-19,2013-11-18,2048-04-01,93,0
94,608-93-7841,Clara,Rosendorf,Male,1975-12-03,2022-11-29,2049-12-19,94,1
95,791-28-1784,Gunter,Buckston,Other,1928-08-11,2008-08-08,2049-07-03,95,0
96,100-76-3982,Dasie,Sidaway,Other,1924-02-03,2009-06-05,2041-01-12,96,1
97,405-03-6777,Marven,Mathivon,Female,1934-06-23,2007-05-31,2026-09-01,97,1
98,350-37-8666,Todd,Duguid,Male,1932-09-13,2016-06-02,2040-05-21,98,1
99,274-52-2885,Forster,Baudrey,Other,1938-04-27,2017-04-26,2031-06-27,99,0
100,478-90-3487,Bertina,Biss,Male,1940-05-15,2019-10-26,2033-09-08,100,0
101,301-74-4360,Jerrilyn,Ruilton,Female,1983-11-30,2019-03-01,2030-01-13,101,0
102,796-90-8586,Dorice,Bunyard,Female,1960-03-30,2006-03-31,2049-05-10,102,1
103,137-62-5117,Hesther,Matyas,Male,1970-08-03,2019-07-29,2035-05-25,103,0
104,210-61-0027,Nydia,Handrock,Other,1946-02-05,2021-02-25,2036-03-14,104,0
105,429-29-6034,Heddie,Fairest,Male,1944-11-10,2008-11-16,2024-10-12,105,1
106,329-45-0791,Ben,Garforth,Other,1982-02-03,2009-09-29,2037-04-23,106,1
107,167-97-9067,Ruby,Ruthen,Other,1934-06-07,2011-12-19,2043-03-01,107,1
108,479-33-1309,Herbie,Higgonet,Male,1943-12-18,2017-07-15,2029-08-21,108,0
109,735-58-3949,Nickolaus,Benadette,Female,1927-11-08,2019-12-15,2037-01-05,109,0
110,507-21-8866,Atalanta,Stephenson,Other,1948-12-08,2008-04-17,2030-06-29,110,0
111,596-51-7060,Sheila,Askam,Other,1928-09-01,2006-03-16,2042-12-26,111,1
112,877-31-8575,Amory,Dreger,Female,1943-08-01,2021-08-08,2028-07-03,112,0
113,677-81-8457,Frederik,Dutt,Other,1944-01-05,2009-12-08,2039-06-22,113,1
114,121-61-5253,Leela,Gumly,Male,1924-03-24,2022-11-20,2033-02-14,114,1
115,263-55-2900,Waldo,Senescall,Male,1926-06-27,2022-05-29,2044-10-21,115,1
116,164-95-4121,Joelly,Kinnerk,Male,1932-02-01,2006-12-12,2031-06-26,116,1
117,641-84-8952,Romeo,Criple,Male,1955-01-16,2018-02-04,2030-11-25,117,0
118,479-68-0930,Fawne,O'Carney,Female,1957-06-25,2015-03-11,2024-11-08,118,1
119,540-64-9028,Garvy,Oaten,Female,1925-07-24,2009-10-05,2048-11-20,119,0
120,651-12-8978,Janina,Russo,Other,1938-05-16,2020-01-28,2048-09-29,120,1
121,178-43-9562,Waite,Shortcliffe,Other,1956-09-28,2020-12-08,2036-01-08,121,0
122,609-80-4495,Micheal,Matley,Female,1981-12-05,2014-10-17,2042-04-17,122,0
123,538-14-1962,Arabelle,Schuricke,Female,1952-02-25,2006-02-08,2034-01-19,123,0
124,577-43-8082,Edee,Buckerfield,Other,1955-01-08,2015-11-29,2045-08-09,124,0
125,573-37-2651,Ozzie,Alflat,Male,1974-03-04,2021-03-10,2033-05-14,125,0
126,203-02-6702,Elvina,Pavia,Female,1960-12-05,2010-01-14,2037-06-21,126,0
127,115-96-5923,Townsend,Arnao,Male,1981-03-17,2017-06-20,2029-05-27,127,1
128,199-78-0095,Marcy,Comins,Female,1928-11-12,2014-08-22,2040-12-07,128,0
129,748-58-3403,Philomena,Stonman,Male,1949-12-19,2006-06-30,2029-12-31,129,0
130,428-27-1292,Consolata,Vampouille,Other,1966-08-19,2006-01-05,2044-01-09,130,0
131,718-88-0260,Frederick,Goodreid,Other,1986-10-01,2019-05-21,2026-08-24,131,0
132,261-48-2753,Aurie,Bolus,Female,1961-06-19,2015-07-10,2031-03-14,132,1
133,316-67-0573,Eryn,Claus,Female,1956-03-27,2010-11-23,2027-07-06,133,0
134,288-49-1192,Silvan,Leil,Other,1927-04-06,2020-03-18,2024-02-25,134,0
135,399-27-5265,Wallis,Tesauro,Other,1935-10-08,2018-06-12,2033-08-22,135,1
136,489-16-5575,Griffith,O'Crowley,Other,1959-03-15,2007-03-02,2027-05-03,136,1
137,711-19-8361,Winona,Caulliere,Male,1953-05-15,2008-04-29,2029-03-19,137,0
138,503-88-6629,Malanie,Weagener,Female,1954-05-03,2010-01-12,2030-02-04,138,1
139,371-42-0336,Toinette,Wearn,Other,1962-05-25,2007-04-03,2030-11-02,139,0
140,546-34-5465,Emery,Rustedge,Female,1936-08-11,2019-09-13,2024-01-01,140,0
141,151-53-0754,Ofella,Wenderott,Female,1952-02-09,2021-06-18,2040-06-12,141,0
142,588-58-4232,Hobey,Banfield,Other,1924-05-11,2013-10-25,2048-01-08,142,0
143,805-04-9230,Jayne,Addenbrooke,Other,1942-12-21,2006-06-16,2036-02-20,143,0
144,394-46-6128,Emmett,Clutterbuck,Male,1975-07-11,2007-01-19,2029-10-17,144,0
145,648-07-4324,Wolf,Thaim,Other,1954-03-04,2019-07-25,2038-01-29,145,0
146,123-26-4973,Amargo,Seabrook,Other,1969-08-24,2018-08-27,2029-01-23,146,1
147,110-64-9252,Fidel,Pusey,Other,1963-10-22,2016-11-05,2040-03-21,147,1
148,226-62-9483,Courtenay,Betton,Female,1937-03-10,2018-03-26,2030-11-22,148,1
149,494-13-7936,Lavena,Fanshawe,Female,1978-01-18,2019-04-10,2039-11-17,149,1
150,804-51-6346,Anetta,O'Dowgaine,Other,1968-04-06,2021-08-07,2042-03-09,150,0
151,742-84-8671,Mordy,Soanes,Female,1956-02-12,2019-08-28,2035-03-08,151,0
152,300-57-7182,Alisa,Yukhnov,Other,1962-06-29,2013-10-09,2038-10-19,152,0
153,209-56-2850,Rhett,Stroband,Other,1968-03-19,2009-06-25,2029-10-21,153,1
154,246-42-9085,Aland,Jobson,Female,1984-02-24,2012-02-27,2039-09-12,154,0
155,712-70-6565,Kerrie,"Van Velde",Female,1984-07-18,2014-02-26,2030-11-15,155,1
156,441-74-4511,Lavinie,Blanch,Other,1934-08-26,2015-11-02,2024-05-09,156,0
157,695-17-4923,Toiboid,Pleaden,Female,1970-01-21,2022-02-08,2034-12-02,157,1
158,547-53-4916,Muire,Dainton,Other,1932-12-17,2008-03-12,2034-08-30,158,1
159,521-24-4302,Melisent,Muck,Female,1985-09-22,2017-02-12,2031-04-23,159,0
160,513-93-4459,Judye,Saurat,Other,1953-06-13,2019-09-05,2038-01-13,160,0
161,775-74-3074,Sonny,Gouldbourn,Female,1966-06-24,2022-07-23,2039-10-08,161,0
162,881-82-8361,Emmott,Linzey,Female,1951-03-01,2022-01-25,2029-10-15,162,1
163,567-24-4082,Goldarina,Gossington,Other,1928-01-01,2022-02-25,2033-03-08,163,0
164,895-64-0903,Amalle,Seabridge,Other,1981-05-07,2011-05-27,2049-06-10,164,1
165,522-50-0065,Jordon,Falshaw,Female,1958-06-21,2018-02-21,2035-03-21,165,1
166,683-27-0949,Melinda,Aymerich,Male,1925-02-11,2008-01-03,2041-04-23,166,0
167,896-98-4201,Nertie,Corbett,Male,1924-12-14,2014-09-02,2040-12-29,167,0
168,438-24-7676,Clemence,OIlier,Other,1936-07-22,2008-02-07,2046-11-18,168,0
169,852-28-7332,Wernher,Santello,Male,1973-01-25,2015-12-21,2034-10-11,169,0
170,833-32-3122,Creight,Merwood,Male,1950-07-21,2016-06-24,2026-01-04,170,1
171,380-36-6643,Robby,Tureville,Other,1935-04-21,2020-09-21,2044-03-02,171,0
172,260-33-0271,Augustine,"De Freyne",Female,1971-10-28,2016-01-06,2039-07-06,172,0
173,101-56-1449,Emelyne,Rettie,Other,1926-09-07,2006-09-17,2032-11-20,173,1
174,519-50-0099,Cory,Govenlock,Male,1980-10-05,2012-05-07,2024-03-29,174,0
175,191-23-6314,Harriet,McWhin,Female,1987-10-09,2012-05-06,2038-04-24,175,1
176,307-52-0839,Hardy,Baber,Other,1944-07-26,2020-09-13,2024-07-14,176,0
177,357-38-8327,Claudetta,Bulloch,Female,1985-02-25,2017-11-20,2024-10-28,177,0
178,819-64-3049,Tabitha,Croome,Male,1965-03-19,2017-02-11,2034-04-11,178,0
179,788-10-1009,Remus,Minister,Other,1939-07-14,2006-12-17,2033-08-08,179,0
180,303-77-2344,Odelinda,Gott,Other,1940-01-11,2019-07-21,2025-04-26,180,1
181,892-52-7095,Tallou,"January 1st",Female,1927-10-15,2011-01-04,2049-05-14,181,1
182,675-50-7444,Welch,Lewtey,Female,1968-02-24,2020-06-26,2033-11-01,182,0
183,210-89-5093,Emelia,Huttley,Male,1972-08-29,2016-10-12,2033-02-22,183,0
184,371-74-1628,Charmion,Canellas,Other,1982-08-09,2008-11-09,2027-12-26,184,0
185,316-58-9915,Waite,Steiner,Other,1970-10-11,2008-10-06,2031-10-01,185,0
186,455-18-0509,Barnett,Kase,Other,1978-10-26,2022-01-13,2025-08-15,186,1
187,159-84-5663,Tracee,Dickson,Male,1966-02-04,2021-09-28,2047-11-29,187,0
188,481-72-2207,Tera,Quantrell,Other,1926-07-24,2009-12-01,2028-11-11,188,1
189,407-90-6440,Jelene,Levene,Male,1943-12-24,2014-04-17,2040-07-25,189,1
190,581-21-8848,Major,"Di Dello",Female,1959-05-17,2008-02-29,2025-08-06,190,0
191,503-35-5595,Jesus,Cheel,Other,1968-04-13,2008-10-18,2039-12-13,191,0
192,610-44-5994,Theo,Brewerton,Other,1945-09-19,2012-01-06,2033-09-07,192,1
193,626-52-2179,Percy,Sommerscales,Male,1966-10-29,2006-01-12,2046-05-30,193,1
194,293-19-5589,Jerri,Toman,Male,1961-09-24,2022-12-21,2035-12-29,194,0
195,135-28-2393,Lavina,Ruddell,Male,1925-07-21,2010-06-10,2036-08-09,195,1
196,307-49-2373,Gay,Frye,Female,1948-04-04,2015-02-14,2035-10-01,196,0
197,862-43-5610,Ursuline,Dorin,Male,1925-04-01,2020-07-13,2049-11-16,197,0
198,348-19-4394,Huntlee,Cliff,Other,1982-05-22,2012-01-02,2035-01-12,198,0
199,526-07-5389,Ernst,Swyer,Female,1955-12-30,2015-07-29,2028-05-12,199,1
200,854-58-4884,Julienne,Rameaux,Female,1948-12-22,2011-12-04,2042-11-18,200,1
201,732-51-4620,Gelya,Harse,Other,1961-03-29,2012-01-02,2032-11-01,1,1
202,489-92-0523,Curr,Sturley,Female,1985-05-27,2019-11-21,2029-06-27,2,1
203,178-88-5068,Vanya,Kahn,Female,1945-05-22,2014-03-28,2033-09-03,3,0
204,895-90-3511,Gustavo,Feltham,Male,1930-11-06,2022-12-19,2027-06-08,4,1
205,702-55-7384,Carma,Haggus,Female,1927-01-08,2011-06-01,2036-06-20,5,1
206,447-03-3825,Ruddy,Maharry,Female,1944-09-30,2008-11-26,2047-05-29,6,0
207,386-02-3741,Roseanna,Burghall,Male,1933-12-12,2014-06-28,2046-11-16,7,1
208,556-45-9843,Waverly,Sharpin,Male,1926-01-03,2014-03-03,2039-10-27,8,1
209,255-33-4378,Balduin,Oen,Male,1938-03-12,2008-12-25,2046-04-05,9,0
210,322-34-0728,Carling,Saywell,Female,1925-04-02,2019-11-08,2049-11-08,10,1
211,397-92-6152,Vida,Jenks,Male,1934-11-27,2021-12-09,2033-07-05,11,1
212,512-49-7068,Keri,Elwel,Other,1929-03-07,2013-01-02,2038-12-15,12,1
213,117-73-8720,Chrystel,Free,Male,1965-12-27,2009-12-04,2046-09-10,13,0
214,513-25-1111,Chance,Condy,Other,1959-11-22,2010-08-29,2036-02-14,14,1
215,549-11-6486,Rowan,Jenicke,Female,1929-03-23,2015-10-15,2042-10-03,15,1
216,653-56-9115,Koren,Kilbane,Male,1935-08-30,2007-06-28,2029-02-07,16,1
217,714-15-6406,Balduin,Brayford,Female,1984-05-16,2016-09-02,2024-02-15,17,1
218,700-14-2483,Bernardine,People,Female,1941-07-30,2020-11-02,2031-05-20,18,0
219,474-08-9427,Cullan,Mortel,Other,1929-01-05,2013-02-21,2041-06-09,19,1
220,589-58-2026,Leslie,Tawn,Other,1960-04-09,2011-02-06,2041-01-02,20,0
221,265-40-2567,Nicholas,Aldridge,Other,1944-04-09,2013-06-20,2046-10-01,21,1
222,526-18-6560,Kari,Stallebrass,Male,1975-01-28,2006-11-19,2033-09-06,22,1
223,325-64-2218,Stephen,Smetoun,Male,1943-01-06,2009-06-21,2026-02-18,23,0
224,645-54-8015,Barry,Doleman,Female,1953-03-08,2009-01-10,2048-08-31,24,1
225,406-14-3641,Currey,Menere,Other,1941-10-08,2017-07-05,2040-01-21,25,1
226,865-09-3920,Vasilis,Charlet,Male,1945-01-25,2014-02-28,2037-09-10,26,1
227,242-07-4064,Jay,Bento,Other,1934-01-21,2010-08-22,2025-04-14,27,0
228,729-41-8420,Gavin,Brickner,Female,1965-08-14,2010-05-17,2046-04-19,28,0
229,843-14-0713,Immanuel,Frere,Female,1944-12-29,2018-03-23,2047-02-03,29,1
230,758-45-4138,Angelico,Persent,Other,1940-04-24,2014-10-10,2037-07-24,30,0
231,518-78-1525,Wilma,Jillions,Other,1935-01-10,2009-04-21,2024-01-05,31,1
232,577-61-4645,Odilia,Vicioso,Male,1974-01-31,2017-05-26,2043-08-12,32,0
233,216-94-9087,Mario,Comiam,Other,1984-01-21,2018-11-22,2027-07-25,33,1
234,579-60-5418,Pamela,Crates,Female,1926-10-17,2008-03-17,2032-05-09,34,1
235,135-65-9904,Priscilla,Hartegan,Other,1950-04-16,2007-11-13,2047-04-12,35,1
236,358-07-9326,Norry,Whapham,Female,1980-12-04,2015-12-25,2046-05-31,36,0
237,402-99-5508,Shantee,Patrickson,Male,1924-03-04,2021-02-21,2049-10-21,37,1
238,685-03-2879,Allan,Larraway,Other,1973-05-19,2011-07-28,2038-08-15,38,0
239,564-86-0961,Margy,Deavin,Male,1963-03-26,2022-01-09,2042-08-12,39,0
240,775-93-0576,Brodie,Nudd,Other,1982-09-14,2018-09-20,2024-07-02,40,1
241,274-42-9215,Maggee,Dragonette,Male,1929-07-11,2016-03-26,2031-08-06,41,1
242,477-87-2599,Jordain,Longega,Male,1943-04-20,2016-06-23,2049-08-05,42,1
243,334-96-5175,Andra,Gerrell,Male,1924-08-25,2022-08-05,2024-04-27,43,0
244,795-99-0846,Dunstan,Lardeux,Other,1931-07-31,2012-06-23,2041-05-20,44,0
245,759-88-2867,Cheryl,Dayment,Female,1940-09-30,2021-10-06,2031-11-13,45,1
246,614-29-6830,Leontyne,Scotson,Female,1927-11-04,2012-07-31,2043-04-09,46,1
247,572-94-6194,Donn,Handes,Other,1952-07-01,2020-02-09,2040-10-13,47,0
248,826-43-6899,Ruthie,Tassell,Other,1971-10-11,2017-01-29,2041-05-23,48,1
249,451-52-4694,Vite,Procter,Female,1973-10-26,2015-06-18,2045-09-18,49,1
250,162-85-7195,Hubie,Cordier,Other,1981-06-16,2006-07-10,2030-05-25,50,1
251,398-40-3660,Mary,Ellam,Female,1936-02-12,2020-09-22,2028-03-13,51,0
252,395-59-0888,Bennett,Paintain,Male,1944-04-06,2018-05-26,2025-10-14,52,1
253,538-15-7258,Pegeen,Gwin,Other,1937-12-20,2009-11-01,2030-11-04,53,1
254,699-48-2920,Kare,Walkington,Other,1926-06-05,2014-01-16,2030-03-26,54,1
255,589-49-1466,Torrie,Readings,Female,1956-11-24,2018-11-03,2033-03-04,55,0
256,109-71-3110,Paco,McGinlay,Female,1978-01-28,2016-08-02,2036-06-27,56,1
257,409-31-0485,Merrill,Rosevear,Male,1967-12-10,2014-05-15,2041-05-28,57,1
258,565-76-8883,Karlik,Warde,Other,1980-10-22,2019-04-09,2046-07-11,58,1
259,546-64-6512,Cointon,Diamond,Male,1967-10-24,2019-08-29,2042-02-01,59,0
260,702-12-7481,Bruce,Bilt,Male,1929-02-23,2022-03-08,2025-04-29,60,1
261,624-81-7875,Johann,Barrett,Other,1981-02-25,2011-08-02,2028-02-19,61,0
262,307-32-4313,Kinnie,Judgkins,Male,1956-01-03,2011-07-16,2046-07-28,62,1
263,513-21-1483,Dayle,Peete,Other,1984-07-30,2007-04-16,2044-07-31,63,0
264,667-19-3307,Frasquito,Witling,Female,1928-01-08,2017-09-15,2026-06-22,64,1
265,398-75-3113,Tybi,Valentim,Other,1930-05-26,2008-04-16,2037-09-15,65,1
266,635-48-6959,Mandel,Lacoste,Male,1978-03-22,2017-09-24,2025-04-23,66,1
267,177-67-3566,Trumann,Rispine,Other,1978-11-18,2014-06-08,2024-06-30,67,0
268,521-86-5194,Maxy,Snufflebottom,Female,1986-04-28,2009-06-24,2025-10-31,68,1
269,320-25-0143,Robinet,Kiessel,Male,1954-05-17,2020-01-06,2049-01-22,69,1
270,279-45-0018,Jeff,Pischof,Male,1936-06-03,2017-02-19,2027-05-01,70,1
271,422-59-2001,Kelly,Brixey,Other,1953-11-06,2020-03-31,2026-03-17,71,0
272,646-28-5391,Nicolina,Sugge,Male,1967-08-11,2008-08-05,2028-03-01,72,1
273,445-44-0215,Elset,Fellis,Female,1957-03-24,2015-04-26,2041-08-15,73,1
274,419-38-6140,Pattie,Rupprecht,Male,1950-03-04,2021-01-22,2038-08-19,74,1
275,838-28-8553,Byran,Cridlan,Female,1936-06-15,2011-12-30,2028-01-29,75,0
276,183-06-7556,Grayce,Rousel,Male,1927-11-15,2009-04-27,2029-09-03,76,0
277,387-45-3272,Mame,Vedeneev,Male,1955-12-21,2013-07-14,2033-06-12,77,1
278,149-13-9594,Michal,Virgo,Male,1963-09-22,2019-03-11,2044-12-29,78,0
279,152-77-9192,Jeanie,Blencowe,Female,1939-02-15,2014-10-13,2040-11-24,79,1
280,727-86-0412,Brose,Kesten,Female,1949-04-26,2020-09-11,2032-02-08,80,1
281,315-53-8933,Lurleen,Treherne,Male,1941-08-31,2013-06-19,2027-03-26,81,1
282,411-08-0325,Theodor,Baus,Other,1950-03-24,2018-11-15,2029-11-27,82,1
283,307-71-4818,Miriam,Becaris,Male,1934-07-02,2018-04-28,2043-12-29,83,1
284,835-54-7628,Astrix,Teeney,Female,1962-02-02,2008-04-24,2041-10-20,84,0
285,439-70-2693,Ulrica,Janssen,Other,1972-11-15,2017-03-20,2026-08-22,85,0
286,785-40-9245,Tamma,Clemson,Other,1954-10-14,2009-04-29,2048-07-27,86,1
287,360-72-7870,Bay,Stronach,Other,1966-07-01,2010-09-16,2027-07-12,87,1
288,235-61-4593,Rori,Lyst,Female,1970-10-03,2015-01-14,2048-12-08,88,0
289,491-52-0457,Micaela,Sandys,Female,1955-11-24,2012-01-23,2039-06-30,89,1
290,475-16-7823,Kimmie,"Le Blond",Female,1964-12-26,2008-10-22,2048-01-06,90,0
291,612-93-3240,Augustus,Gunthorp,Male,1953-04-19,2006-11-27,2026-01-24,91,0
292,496-35-4283,Sayre,Bertenshaw,Male,1953-01-17,2015-10-06,2042-06-28,92,0
293,527-92-5423,Morgen,Chifney,Male,1944-08-14,2012-09-22,2039-09-06,93,0
294,404-42-1175,Leontyne,Aharoni,Female,1952-05-20,2014-12-09,2029-08-18,94,1
295,409-51-4153,Bonny,Pakeman,Other,1971-11-03,2017-10-08,2024-11-24,95,0
296,712-56-6974,Tiffy,Fountaine,Male,1968-04-05,2015-01-07,2047-09-18,96,0
297,231-75-9459,Clarey,Dumbarton,Female,1946-01-31,2021-03-18,2045-08-15,97,1
298,340-26-3317,Darrell,Chettle,Other,1955-06-07,2015-10-06,2042-09-18,98,0
299,523-37-9295,Lizzy,Housbey,Other,1925-06-29,2016-04-19,2027-11-30,99,1
300,591-61-9138,Bobbie,Quinnelly,Other,1964-04-19,2013-01-15,2044-07-07,100,1
301,241-66-1908,Denna,Tremmel,Female,1963-05-05,2010-12-25,2024-10-30,101,0
302,191-48-1254,Elston,Baselli,Other,1985-08-17,2007-11-09,2040-05-13,102,0
303,303-47-1940,Kristin,Atrill,Other,1952-02-18,2009-03-21,2045-08-19,103,0
304,767-53-0622,Ira,Brookesbie,Male,1940-08-01,2022-11-30,2040-01-11,104,0
305,406-62-0817,Corry,McKeown,Male,1947-02-06,2017-04-26,2024-10-11,105,1
306,745-21-2581,Ketti,Hailston,Other,1955-12-18,2019-08-05,2024-01-31,106,1
307,638-03-0351,Wilbert,Lingner,Male,1977-04-26,2007-11-06,2039-03-01,107,1
308,606-05-6221,Prudy,Eberts,Male,1967-01-13,2011-03-31,2032-10-19,108,1
309,139-37-4540,Amaleta,Gercke,Female,1976-02-04,2022-03-30,2038-06-08,109,1
310,391-75-0063,Marga,McFayden,Female,1982-07-07,2008-09-06,2038-01-09,110,1
311,201-16-4128,Shadow,Toal,Other,1970-11-02,2021-07-05,2041-02-28,111,1
312,174-47-3581,Marcile,Earlam,Male,1954-02-04,2007-04-16,2027-02-04,112,0
313,767-23-9379,Carmela,Battin,Male,1925-08-03,2007-04-29,2029-05-05,113,1
314,507-32-3013,Yehudi,"De Gregario",Male,1971-10-04,2020-07-13,2032-07-02,114,1
315,744-88-8472,Lem,Wiles,Male,1933-02-13,2020-07-13,2028-06-07,115,0
316,241-12-1917,Alta,Skaif,Male,1934-05-19,2021-04-25,2035-02-19,116,0
317,183-14-8412,Antonio,Denisovo,Female,1954-01-30,2012-03-30,2035-01-07,117,1
318,864-26-1731,Patrick,MacElharge,Female,1959-06-30,2020-05-30,2027-08-14,118,1
319,833-90-1126,Adrian,MacConnulty,Male,1983-12-08,2010-11-21,2035-09-14,119,0
320,467-87-6093,Em,Downing,Other,1985-12-27,2015-08-19,2026-06-08,120,1
321,488-29-0933,Carny,Birds,Other,1935-04-10,2012-02-26,2045-08-19,121,0
322,476-07-1525,Renie,Riehm,Other,1948-01-27,2018-11-18,2032-01-23,122,1
323,389-71-2807,Rodger,Maryan,Other,1938-01-21,2012-05-25,2024-02-04,123,1
324,290-02-9666,Silva,Lowy,Male,1932-04-20,2006-03-02,2034-08-14,124,1
325,393-50-1430,Hanni,Courtier,Male,1983-01-18,2020-12-31,2039-04-13,125,1
326,873-47-9718,Shawn,Clougher,Female,1942-03-26,2006-03-04,2029-08-17,126,0
327,561-20-5722,Sephira,Crum,Other,1955-02-08,2018-10-17,2045-07-07,127,0
328,245-38-2928,Lonee,MacPeake,Male,1969-11-29,2013-08-03,2033-03-03,128,0
329,200-18-4861,Shanie,Masden,Male,1979-11-25,2012-04-26,2039-09-15,129,1
330,814-47-7331,Nels,Boot,Other,1972-01-09,2010-09-12,2042-05-06,130,0
331,862-32-4032,Bernelle,Cutmere,Other,1950-06-30,2011-07-23,2027-12-21,131,0
332,883-87-0619,Eli,Kersting,Female,1951-12-28,2021-02-27,2048-09-22,132,1
333,469-98-5347,Terrence,Ellsom,Female,1977-02-18,2022-11-27,2029-11-10,133,0
334,140-51-7070,Pammy,Scotchmore,Male,1958-10-08,2011-04-30,2026-09-16,134,0
335,754-82-5674,Brynne,Leward,Female,1984-05-01,2018-04-17,2037-12-19,135,1
336,733-71-1957,Darn,Kubasek,Other,1975-09-30,2009-01-14,2031-12-28,136,1
337,256-12-0411,Omar,Jime,Male,1951-09-07,2009-04-22,2045-02-23,137,1
338,294-98-9302,Lambert,Hanington,Female,1977-01-10,2021-12-24,2026-03-10,138,0
339,150-94-1071,Bondie,Matthiae,Other,1968-02-11,2018-12-17,2042-06-16,139,1
340,379-15-8996,Joella,Reyson,Male,1974-04-02,2013-06-19,2047-04-30,140,0
341,744-16-5334,Talyah,Morilla,Male,1982-04-18,2011-09-10,2040-11-16,141,0
342,242-10-4276,Vinnie,Dumbrell,Female,1959-09-30,2018-04-21,2047-10-20,142,0
343,152-62-5290,Kelci,Pinard,Other,1958-09-16,2021-04-12,2029-09-14,143,1
344,142-79-5423,Delmore,Achrameev,Male,1977-12-31,2008-02-24,2026-11-26,144,0
345,680-94-5539,Dulciana,Langhor,Female,1924-09-03,2019-08-08,2039-08-29,145,1
346,658-49-4036,Eloise,Dellar,Female,1929-09-01,2006-05-24,2040-01-11,146,0
347,348-16-4129,Lynne,Wisdom,Other,1986-09-25,2012-07-22,2045-12-22,147,0
348,306-27-5890,Normand,Lebreton,Other,1940-06-08,2022-05-11,2035-06-18,148,0
349,243-70-0501,Alida,Robertshaw,Female,1927-05-03,2009-12-07,2027-02-11,149,1
350,273-49-9644,Celeste,Bradtke,Female,1931-01-23,2014-10-22,2029-06-05,150,0
351,418-69-9440,Dennet,Adamthwaite,Female,1939-06-30,2021-11-08,2034-05-18,151,1
352,304-19-5367,Moishe,Rosenblad,Female,1939-08-22,2015-09-11,2030-03-16,152,1
353,270-66-8750,Linnie,Wilkie,Other,1938-02-08,2012-11-30,2028-03-28,153,0
354,555-73-4240,Crissie,Durand,Female,1958-07-12,2012-11-16,2040-07-02,154,0
355,895-14-7921,Georgiana,Buffin,Female,1970-03-24,2018-12-11,2029-07-18,155,0
356,285-86-8176,Franzen,Benck,Female,1947-06-22,2008-08-13,2047-03-09,156,0
357,459-88-0837,Eward,Headey,Male,1964-04-04,2015-04-27,2037-04-08,157,1
358,833-88-3225,Ransom,MacParlan,Male,1970-10-16,2020-01-01,2043-12-30,158,0
359,611-10-1710,Cortney,Flipek,Other,1937-07-15,2017-10-31,2046-11-15,159,0
360,790-55-2527,Kellen,Staning,Female,1960-05-14,2016-04-19,2048-01-12,160,1
361,857-72-0601,Dagny,Gosnay,Male,1946-02-23,2019-05-10,2045-01-16,161,0
362,363-17-3747,Tobie,Wellman,Male,1971-12-12,2012-11-18,2025-05-21,162,0
363,846-32-0232,Silvanus,Gabbitus,Other,1938-02-25,2010-11-03,2024-09-30,163,0
364,487-51-0962,Sam,Graveney,Other,1957-09-06,2020-07-25,2027-06-06,164,1
365,343-10-5712,Reuven,Wilkins,Female,1954-05-19,2008-12-25,2041-08-17,165,1
366,540-19-2870,Holly,Jellett,Male,1952-02-20,2021-05-30,2044-07-25,166,0
367,260-16-4023,Erinna,Bowdidge,Male,1979-06-12,2014-02-11,2033-04-02,167,0
368,556-10-5196,Melisande,O'Driscole,Other,1985-07-22,2007-11-14,2042-09-18,168,0
369,606-48-0931,Gus,Casement,Male,1945-09-22,2020-06-10,2031-09-01,169,0
370,466-08-2908,Jeremiah,Lamzed,Male,1925-01-21,2019-11-14,2045-12-10,170,1
371,390-58-1143,Flori,Posnett,Female,1949-07-25,2013-07-16,2031-11-08,171,1
372,672-47-9171,Annmarie,Grindell,Female,1927-01-24,2019-06-09,2025-06-17,172,1
373,512-51-3181,Field,Wakenshaw,Female,1960-10-21,2018-04-22,2036-05-27,173,1
374,532-59-6584,Dasha,Spenceley,Other,1945-03-26,2019-09-27,2029-08-11,174,1
375,458-35-0836,Sheffy,Lowndesbrough,Male,1980-02-25,2021-02-25,2044-10-28,175,1
376,163-51-7617,Cos,Steptowe,Other,1940-06-04,2018-12-10,2031-08-03,176,1
377,894-38-1491,Meagan,Goodbody,Male,1941-11-26,2019-01-26,2044-08-30,177,0
378,567-42-5226,Rufus,Lideard,Male,1931-12-09,2008-04-23,2027-01-06,178,0
379,702-66-2339,Jere,Cradick,Female,1972-06-05,2021-02-12,2038-03-28,179,0
380,145-31-6305,Annabelle,Smitten,Female,1972-06-21,2008-09-04,2029-09-05,180,0
381,424-84-4235,Wilfrid,McGavin,Male,1930-04-19,2010-05-07,2028-10-23,181,1
382,873-67-2021,Stormi,Fife,Other,1924-10-19,2009-08-18,2035-04-14,182,1
383,836-89-5204,Darcy,Golthorpp,Male,1975-08-24,2008-02-16,2030-05-08,183,1
384,667-51-0130,Dixie,Catto,Other,1963-06-12,2010-04-02,2047-01-30,184,1
385,575-11-3888,Melisenda,Moehle,Other,1971-05-27,2016-08-03,2036-05-02,185,1
386,763-80-6327,Ashley,Wolver,Other,1930-11-29,2020-09-11,2041-10-21,186,1
387,558-80-7207,Gayle,Darbon,Male,1965-10-31,2016-07-25,2039-05-12,187,0
388,410-72-1689,Alexander,Gussie,Female,1940-12-24,2019-02-12,2036-08-25,188,0
389,257-54-1401,Robb,Clinning,Male,1977-10-18,2014-04-19,2028-10-08,189,0
390,765-65-5606,Oates,Drinkhill,Other,1953-11-28,2010-05-06,2028-05-11,190,0
391,558-48-2699,Mireielle,Witherup,Other,1930-07-16,2008-08-14,2048-06-15,191,1
392,627-57-5231,Leta,Routham,Male,1969-01-17,2019-04-17,2033-10-08,192,1
393,771-82-7218,Neron,Ridgewell,Other,1975-03-06,2020-03-22,2044-03-07,193,0
394,440-44-8363,Hyman,Coate,Male,1969-04-12,2007-12-18,2040-09-10,194,0
395,791-92-6964,Gelya,Possek,Other,1943-01-27,2013-09-04,2033-05-16,195,0
396,731-97-7235,Saunders,Theyer,Other,1938-05-30,2018-05-06,2041-09-17,196,0
397,229-09-2928,Bren,Sinkings,Male,1955-10-11,2007-11-15,2035-11-16,197,0
398,240-10-0200,Agace,Luckwell,Male,1975-05-03,2014-06-13,2043-01-01,198,0
399,870-59-3611,Raynell,Fishley,Female,1962-04-25,2013-12-27,2033-12-12,199,1
400,363-62-5439,Brig,Mantrip,Male,1935-06-08,2020-07-10,2033-12-19,200,0
401,500-91-8158,Sawyer,Haggard,Other,1961-08-04,2011-11-22,2024-07-05,1,0
402,751-03-8034,Stace,Rangell,Female,1924-08-24,2011-06-16,2025-01-09,2,1
403,555-10-4712,Nappy,Muncaster,Other,1943-09-14,2013-10-15,2038-11-09,3,0
404,850-81-2420,Rafi,Atkinson,Female,1929-09-20,2006-06-15,2036-01-05,4,0
405,228-20-2176,Selinda,Hardinge,Male,1949-12-10,2022-04-28,2038-06-25,5,0
406,845-66-4617,Patricio,O'Sheilds,Male,1928-02-13,2022-10-29,2041-09-29,6,1
407,140-83-7081,Jill,Fakes,Other,1975-04-04,2018-10-30,2024-05-01,7,0
408,489-97-9008,Vincents,Warnock,Other,1927-09-26,2009-02-28,2024-08-18,8,1
409,404-70-4577,Anallise,Tomasek,Male,1981-08-22,2006-03-13,2025-03-07,9,1
410,284-85-7319,Riley,Garwill,Male,1948-08-09,2017-07-25,2038-12-17,10,0
411,476-83-7465,Rudolfo,Thams,Other,1979-11-16,2020-06-08,2048-09-05,11,1
412,387-59-8332,Maible,Middle,Male,1985-11-16,2008-01-19,2047-04-17,12,1
413,178-37-4812,Tobe,Crichton,Female,1966-05-20,2016-09-10,2047-10-15,13,1
414,115-55-8242,Gabriel,Coggon,Female,1981-11-10,2007-05-28,2044-07-30,14,0
415,526-71-0067,Mellicent,Absolom,Female,1939-11-22,2021-02-01,2045-08-22,15,0
416,326-54-9754,Feodora,Challoner,Male,1924-05-19,2013-11-26,2036-08-17,16,1
417,883-68-5279,Janey,Vitall,Other,1934-11-13,2011-07-12,2040-10-08,17,1
418,130-34-3907,Gaylene,Fores,Other,1930-04-10,2022-01-27,2032-05-17,18,0
419,496-56-5105,Kev,Guillford,Male,1945-01-22,2012-04-05,2030-05-24,19,0
420,163-41-6514,Vidovik,Lohrensen,Male,1925-02-10,2012-02-28,2046-02-27,20,0
421,319-61-9624,Thedric,Abbati,Female,1965-11-10,2008-07-21,2036-06-04,21,1
422,865-38-6342,Fulvia,Tetlow,Male,1983-11-10,2015-03-10,2039-09-08,22,1
423,653-01-6271,Jenifer,Abrey,Female,1929-07-22,2008-04-24,2037-11-30,23,0
424,840-40-1119,Ted,Coonihan,Other,1966-08-15,2013-01-20,2046-04-22,24,1
425,475-60-1268,Eryn,Ucchino,Female,1924-04-28,2019-02-02,2033-09-25,25,1
426,302-81-8629,Dionne,Bole,Female,1953-10-05,2017-07-06,2034-12-06,26,0
427,500-03-7014,Nollie,Hein,Other,1961-03-20,2009-07-17,2038-02-24,27,0
428,861-53-7327,Jim,Carbine,Female,1946-06-02,2015-09-30,2030-05-01,28,1
429,488-19-2281,Faunie,Crowden,Other,1966-10-09,2021-12-24,2038-09-22,29,1
430,603-21-5869,Ceil,Danilchev,Other,1926-08-31,2019-09-07,2042-04-14,30,1
431,875-74-1359,Kip,Lewnden,Male,1980-03-29,2015-09-06,2040-10-24,31,0
432,630-99-3992,Reidar,Drysdale,Other,1986-07-25,2015-01-28,2043-07-26,32,0
433,572-95-8925,Charline,Lyst,Female,1961-10-06,2018-01-18,2045-11-03,33,0
434,781-82-5987,Domenic,Flute,Female,1970-03-14,2007-10-27,2042-05-20,34,0
435,757-97-5107,Louisette,Champerlen,Female,1932-06-26,2007-07-23,2029-01-23,35,0
436,302-90-5572,Emmalee,Heggadon,Female,1940-02-01,2017-10-18,2029-08-16,36,0
437,643-44-9469,Vassili,Dable,Other,1949-09-19,2019-07-16,2026-11-25,37,0
438,425-30-0277,Ennis,Bottlestone,Other,1949-02-16,2016-02-11,2041-12-11,38,0
439,296-63-9792,Dorine,Mirralls,Female,1987-03-18,2009-12-19,2043-03-21,39,1
440,729-51-3991,Blair,Yes,Other,1932-03-05,2007-07-13,2034-02-02,40,1
441,722-70-2575,Garald,Henrys,Male,1941-02-07,2022-08-27,2030-08-13,41,1
442,627-46-7688,Chelsey,Huddles,Male,1972-07-31,2019-11-21,2036-02-13,42,1
443,110-96-8310,Goddard,Salliere,Male,1956-10-11,2012-03-14,2048-11-20,43,1
444,702-11-3587,Eddy,Pitway,Male,1983-08-05,2022-08-23,2028-07-26,44,1
445,792-67-2808,Jerry,Elgee,Male,1974-05-12,2021-07-27,2049-11-10,45,0
446,283-80-5301,Haslett,Paike,Other,1960-12-11,2007-11-01,2048-06-11,46,0
447,298-13-1077,Rahel,Quenby,Male,1929-06-07,2006-04-02,2030-09-19,47,0
448,745-95-6958,Cristiano,Pickance,Other,1955-03-15,2014-08-04,2041-04-29,48,0
449,388-45-5784,Judah,Thorneley,Other,1974-09-23,2008-11-19,2037-01-29,49,0
450,823-68-4113,Mitchael,Maccaig,Male,1927-07-02,2019-11-14,2040-10-25,50,1
451,737-56-8804,Westbrook,Dummett,Male,1936-03-20,2021-09-19,2031-02-28,51,0
452,445-65-9068,Ivette,Baiss,Other,1927-03-23,2020-10-17,2043-01-20,52,0
453,399-16-5231,Kermie,Jablonski,Male,1934-11-19,2011-11-09,2032-12-24,53,0
454,384-77-0190,Toby,Desantis,Female,1985-06-16,2009-02-25,2026-09-30,54,1
455,451-46-2227,Theresina,Crush,Other,1984-08-29,2011-08-20,2037-01-08,55,0
456,305-95-8294,Dennie,MacConnel,Female,1950-02-10,2016-04-04,2042-11-03,56,0
457,607-71-3746,Lina,Todd,Male,1938-12-02,2008-10-08,2041-06-21,57,0
458,180-53-3930,Sandy,Sircombe,Other,1984-11-28,2018-01-28,2024-05-04,58,0
459,856-72-3243,Gabriela,Bambery,Other,1931-12-14,2015-02-11,2041-10-29,59,0
460,485-96-0778,Eada,Iacoboni,Male,1954-02-01,2013-02-12,2041-05-13,60,0
461,216-42-8375,Ray,Bolan,Female,1929-09-18,2009-08-12,2049-07-23,61,1
462,487-10-4517,Aline,Claiton,Other,1978-12-29,2020-09-19,2038-04-05,62,1
463,318-97-2533,Guillaume,Atton,Other,1940-11-18,2007-01-25,2042-11-20,63,0
464,639-85-9541,Eustacia,Moxsom,Female,1930-10-04,2007-07-16,2024-03-13,64,0
465,440-04-5594,Felicio,Felton,Male,1965-06-14,2009-05-11,2041-11-01,65,0
466,755-91-1034,Robin,Glaze,Other,1926-04-05,2021-02-06,2041-04-25,66,1
467,198-34-1891,Truman,Dacke,Male,1928-09-25,2018-08-09,2034-06-08,67,1
468,710-79-2856,Ericka,Dyble,Other,1938-08-08,2018-03-05,2029-04-15,68,1
469,586-16-7415,Axel,Moules,Female,1929-11-16,2021-05-24,2026-07-23,69,1
470,271-01-2873,Rochester,Glascott,Other,1948-06-20,2007-09-13,2039-12-04,70,0
471,887-02-9233,Shelba,Deam,Male,1982-11-11,2021-04-22,2046-11-08,71,0
472,213-95-6271,Coral,Clempton,Female,1982-02-11,2006-12-13,2039-11-23,72,0
473,489-21-0382,Kermy,Coils,Other,1926-07-08,2017-08-05,2049-09-19,73,0
474,811-88-6296,Babita,Bromley,Female,1941-01-12,2015-08-12,2035-12-08,74,1
475,383-04-8051,Allyn,Southerill,Male,1942-03-19,2021-07-21,2048-09-28,75,1
476,797-29-3042,Dael,Alwin,Male,1936-05-22,2017-08-29,2025-07-21,76,1
477,146-53-3594,Sterling,Skidmore,Other,1947-03-29,2022-03-27,2048-08-11,77,1
478,187-79-9932,Lin,Hallgalley,Male,1987-09-20,2008-08-18,2034-04-26,78,1
479,597-29-8998,Leland,Hulson,Other,1958-12-02,2008-11-29,2035-06-29,79,1
480,123-88-9270,Georgia,Crossland,Male,1968-09-06,2008-08-02,2036-08-04,80,0
481,876-95-8587,Kev,Knevit,Other,1942-11-17,2016-04-11,2031-01-27,81,1
482,824-92-9627,Phineas,Bunyan,Other,1935-03-19,2015-08-03,2029-03-07,82,1
483,268-70-1073,Giacinta,Moyers,Female,1984-11-18,2008-04-20,2041-01-04,83,1
484,212-56-2396,Fanchon,Croney,Other,1971-10-14,2006-03-02,2027-07-06,84,1
485,630-69-4406,Ophelie,Holdall,Other,1941-07-11,2020-11-01,2026-08-11,85,0
486,133-69-8428,Pegeen,Lakeland,Other,1986-01-06,2011-11-09,2048-03-17,86,0
487,331-16-9151,Bent,Blaymires,Other,1946-11-23,2014-04-29,2035-12-05,87,1
488,309-42-9811,Friedrick,Allans,Male,1968-12-21,2011-05-29,2048-08-06,88,0
489,100-47-6501,Cari,Bruun,Other,1951-05-08,2022-05-21,2033-12-01,89,0
490,723-49-3265,Katleen,Leyshon,Other,1975-04-18,2015-12-22,2046-04-06,90,1
491,642-72-7231,Delbert,D'Abbot-Doyle,Other,1962-12-02,2008-05-29,2042-03-13,91,0
492,555-10-0244,Almeta,Jobern,Female,1955-11-10,2018-08-12,2028-06-02,92,0
493,158-27-4157,Robinette,Seaward,Male,1941-01-30,2022-08-26,2042-03-06,93,0
494,608-34-3877,Jewell,Hamfleet,Female,1986-10-01,2011-09-22,2049-06-08,94,1
495,373-28-3871,Jolynn,Caress,Female,1970-04-08,2022-12-11,2044-07-04,95,0
496,603-93-7028,Pennie,Caldroni,Other,1940-02-22,2009-11-14,2028-01-20,96,1
497,274-90-2001,Merla,Lipman,Male,1966-09-21,2014-07-28,2030-05-13,97,1
498,757-16-7637,Susannah,Alentyev,Other,1976-02-06,2006-10-20,2026-06-05,98,1
499,461-80-5475,Rolfe,Leonard,Male,1975-02-19,2019-07-14,2038-06-05,99,1
500,678-53-8021,Kip,Brimfield,Other,1961-08-30,2017-05-21,2027-09-06,100,0
